{
    "name": "SDList",
    "version": "1.0.5",
    "description": "This Library is an easy to use Library that allows you to save memory by saving things to a file. This Library contains basic implementations of the List functions in a convenient SD card safe manor. Please note that this library is still in development and may not be stable. USE AT YOUR OWN RISK! If you find any bugs, please report them to the Author",
    "keywords": ["SDList", "List", "SD", "ArrayList", "Dynamic Storage", "Dynamic Data Storage", "Data Storage", "Data", "Storage", "SD Card", "SD Card Storage", "SD Card Data Storage", "SD Card Data", "SD Card Storage", "SD Card List", "SD Card List Storage", "SD Card List Data", "Utilities"] ,
    "repositories": [
        {
            "type": "git",
            "url": "https://github.com/braydenanderson2014/C-Arduino-Libraries/tree/main/SDList.git"
        }
    ],
    "Readme": "README.md",
    "authors": [
        {
            "name": "Brayden Anderson",
            "email": "braydenanderson2014@gmail.com",
            "url": "https://github.com/braydenanderson2014"
        }
    ],
    "srcDir": "src",
    "dependencies": {
        "Arduino": "*",
        "SD": "@1.2.4",
        "Wire": "*",
        "SPI": "*",
        "braydenanderson2014/ArrayList": "*"

    },
    "build.header": "SDList.h",
    "license": "Apache-2.0",
    "readme": "README.md",
    "ChangeLog": [
        {
            "version": "1.0.0",
            "date": "2023-10-25",
            "changes": [
                "Initial  UNTESTED release"
            ]
        },
        {
            "version": "1.0.1",
            "date": "2023-10-31",
            "changes": [
                "Dependency Update"
            ]
        },
        {
            "version": "1.0.2",
            "date": "2023-11-11",
            "changes": [
                "Dependency Update: Directly including SD.h;",
                "Added [SD LIST]: in front of all Serial.prints to make it easier to debug"
            ]
        },
        {
            "version": "1.0.3",
            "date": "2024-02-04",
            "changes": [
                "Completely Reimplemented this library, It now functions properly and is much more stable. (Only Lightly Tested)",
                "This Library now uses the ArrayList Library to store the list in memory, and then writes the list to the SD card when the list is modified (In SDLIST). This makes the library much more stable and reliable.",
                "This Library has not been Thoughly tested, and may not be stable. USE AT YOUR OWN RISK! If you find any bugs, please report them to the Author",
                "Removed the c++ file and moved implementation to the header file"
            ]
        },
        {
            "version": "1.0.4",
            "date": "2024-02-14",
            "changes": [
                "Library src Directory was not included in the previous release. This has been fixed.",
                "Re-Added Examples",
                "Added Overloaded begin() function to allow for custom file names, see README.md for more information"
            ]
        }
    ],
    "examples": [
        {
            "name": "Example",
            "base": "Examples",
            "files": [
                "Example.cpp"
            ]
        }
    ]
}