{
    "name": "SimpleVector",
    "version": "1.0.5",
    "description": "A lightweight and efficient implementation of a dynamic array, suitable for use in memory-constrained environments.",
    "keywords": ["SimpleVector", "VectorIterator", "Vector", "List", "Array", "DynamicArray", "DynamicList", "DynamicVector"],
    "Repositories": [
        {
            "type": "git",
            "url": "https://github.com/braydenanderson2014/C-Arduino-Libraries/tree/main/SimpleVector.git"

        }
    ],
    "authors": [
        {
            "name": "Brayden Anderson",
            "email": "braydenanderson2014@gmail.com",
            "url": "https://github.com/braydenanderson2014"
        }
    ],
    "headers": [
        "SimpleVector.h"
    ],
    
    "examples": [
        {
            "name": "Example",
            "base": "Examples",
            "files": [
                "Example.cpp"
            ]
        }
    ],
    "license": "Apache-2.0",
    "changeLog": [
        {
            "version": "1.0.0",
            "changes": [
                "Initial release."
            ]
        },
        {
            "version": "1.0.1",
            "changes": [
                "Added Remove Function.",
                "Renamed push_back function to add",
                "Updated Example."
            ]
        },
        {
            "version": "1.0.2",
            "changes": [
                "Added Elements Function.",
                "Added Iterators to the library",
                "Modified the size Function to return size of array and not how many elements are on the array"
            ]
        },
        {
            "version": "1.0.3",
            "changes": [
                "Added [SIMPLE VECTOR]: to the start of the Serial.print() statements to make it easier to debug."
            ]
        },
        {
            "version": "1.0.4",
            "changes": [
                "Modified Constructor to take in a boolean value to determine if the Library should print Debug Messages",
                "Added a new function called setDebug() to set the debug value",
                "Added a new function called getDebug() to get the debug value"
            ]
        },
        {
            "version": "1.0.5",
            "changes":[
                "Removed the Serial.print() Statements from the library to save memory. A version of this library that contains these debug statements will be available soon.",
                "Added Function Comments"
            ]
        }

    ],
    "Notes:": "This is a test package. It is not intended for use in production environments. This library has not yet been tested. If you would like to test it, please do so at your own risk. If you find any bugs, please report them to the author."
    
}