{
    "name": "SimpleProperties",
    "version": "1.0.6",
    "description": "A library for managing properties with an SD card. It is designed to be simple and easy to use. This library mimicks the Java Properties class.",
    "keywords": ["properties", "SD card"],
    "repositories": [
        {
            "type": "git",
            "url": "https://github.com/braydenanderson2014/C-Arduino-Libraries/tree/main/Properties.git"
        }
    ],
    "authors": [
        {
            "name": "Brayden Anderson",
            "email": "braydenanderson2014@gmail.com",
            "url": "https://github.com/braydenanderson2014"
        }
    ],
    "dependencies": {
        "arduino-libraries/SD": "*",
        "Arduino": "*",
        "SimpleVector": "*",
        "Hashtable": "*"
    },
    "examples": [
        {
            "name": "Example",
            "base": "examples",
            "files": [
                "example.cpp"
            ]
        }
    ],
    "header": "Properties.h",
    "headers": [
        "Arduino.h",
        "SD.h",
        "SimpleVector.h",
        "Properties.h",
        "Hashtable.h",
        "SPI.h"
    ],
    "Notes": "This library is designed to be simple and easy to use. It mimicks the Java Properties class. Please note that this library is still in development and may not be stable. USE AT YOUR OWN RISK! If you find any bugs, please report them to the Author. To install this library, please use the the Properties.h header file.",
    "license": "Apache-2.0",
    "ChangeLog": [
        {
            "version": "1.0.0",
            "date": "2023-10-25",
            "changes": [
                "Initial release"
            ]
        },
        {
            "version": "1.0.1",
            "date": "2023-10-26",
            "changes": [
                "Added the ability to get the number of properties in the file",
                "Update to the Library Json File"
            ]
        },
        {
            "version": "1.0.2",
            "date": "2023-10-26",
            "changes": [
                "Update to the Library Json File"
            ]
        },
        {
            "version": "1.0.3",
            "date": "2023-10-28",
            "changes": [
                "Update to the Library Json File",
                "Added This ChangeLog to the Library Json File",
                "Updated to work properly with the latest Version of the Hashtable Library",
                "This library has been partially tested and is now considered largely stable"
            ]
        },
        {
            "version": "1.0.4",
            "date": "2023-10-28",
            "changes": [
                "Update to the Library Json File",
                "Patching the iterator, and the save Function. ",
                "Patch is untested",
                "This library has been partially tested and is now considered largely stable"
            ]
        },
        {
            "version": "1.0.5",
            "date": "2023-11-7",
            "changes": [
                "Patched the Iterator. It now seems to work with no issues.",
                "Patched the Save Function. It now seems to save and create files as expected.",
                "Added Elements(); Function that returns the current number of elements in the properties.",
                "Adjusted size() Function that returns the current capacity of the underlying table."
            ]
        },
        {
            "version": "1.0.6",
            "date": "2023-11-12",
            "changes": [
                "Added [PROPERTIES]: to the beginning of each Print Statement for easier debugging.",
                "Added a deleteFile() function to delete the file from the SD card.",
                "Update to the README.md file",
                "[WARNING]: Underlying Libraries have been updated. This may cause issues. Please report any issues to the Author. This library will be tested and patched (if needed) as soon as possible."
            ]
        }
        
    ]

}